first_name,middle_name,last_name,employee_id,other_id,driver's_license_no,license_expiry_date,gender,marital_status,nationality,date_of_birth,address_street_1,address_street_2,city,state/province,zip/postal_code,country,home_telephone,mobile,work_telephone,work_email,other_email
Amanda,Natasha,Cox,4452,,,,,,,,,,,,,,,,,,
Jason,Mallory,Ashley,3354,,,,,,,,,,,,,,,,,,
Isaac,Ricardo,Bell,3432,,,,,,,,,,,,,,,,,,
Joe,Patricia,Jensen,9115,,,,,,,,,,,,,,,,,,
Pamela,Steven,Hernandez,1185,,,,,,,,,,,,,,,,,,
Kevin,Laurie,Banks,1417,,,,,,,,,,,,,,,,,,
Mary,Michelle,Farmer,3578,,,,,,,,,,,,,,,,,,
Jesse,Danny,Houston,9572,,,,,,,,,,,,,,,,,,
Philip,William,Rodriguez,6439,,,,,,,,,,,,,,,,,,
Steve,Michelle,Gomez,1926,,,,,,,,,,,,,,,,,,
Krista,Jenna,Jackson,1382,,,,,,,,,,,,,,,,,,
Andrew,Andrew,Henry,3036,,,,,,,,,,,,,,,,,,
Gary,Kathy,Robinson,3055,,,,,,,,,,,,,,,,,,
Barbara,Dan,Ferrell,4153,,,,,,,,,,,,,,,,,,
Michael,Danielle,Brown,2214,,,,,,,,,,,,,,,,,,
Kenneth,Tiffany,Hernandez,2437,,,,,,,,,,,,,,,,,,
William,Clifford,Riddle,6248,,,,,,,,,,,,,,,,,,
Jeffrey,John,Ramirez,9776,,,,,,,,,,,,,,,,,,
Jessica,Mitchell,Thompson,3262,,,,,,,,,,,,,,,,,,
Danny,Melanie,Henderson,6572,,,,,,,,,,,,,,,,,,
Brenda,Zoe,Porter,6389,,,,,,,,,,,,,,,,,,
Jennifer,Benjamin,Franklin,7878,,,,,,,,,,,,,,,,,,
Brenda,John,Smith,8852,,,,,,,,,,,,,,,,,,
Willie,Suzanne,Sellers,7353,,,,,,,,,,,,,,,,,,
Ian,James,Hernandez,2322,,,,,,,,,,,,,,,,,,
Natasha,Francis,Brown,7581,,,,,,,,,,,,,,,,,,
Stephen,Sarah,Clark,3124,,,,,,,,,,,,,,,,,,
Jay,Alan,Cannon,2195,,,,,,,,,,,,,,,,,,
Brian,Michael,Cardenas,4260,,,,,,,,,,,,,,,,,,
Christopher,Jane,Lowe,9059,,,,,,,,,,,,,,,,,,